k,bic,aic
2,-85407.09370911914,-85628.17769581008
3,-95313.7739542384,-95648.7496916489
4,-101046.02018278753,-101494.88767091761
5,-105169.79757572946,-105732.55681457912
